Language,Algorithm,Size,Mean_Time_s,Std_Time_s,Speedup
Python,i-j-k,64,0.012522816800628788,0.0001869886268386766,
Python,i-k-j,64,0.012569242002791725,0.00032671014780601495,1.00x
Python,i-j-k,128,0.10130764200293925,0.003279326538541947,
Python,i-k-j,128,0.09921630819735583,0.0010934503408889336,1.02x
Python,i-j-k,256,0.8197267832001671,0.0029569101283918107,
Python,i-k-j,256,0.7906665249989601,0.007688990295045958,1.04x
