Language,Algorithm,Size,Mean_Time_s,Std_Time_s,Speedup
Python,i-j-k,64,0.012920941598713398,0.0008316057899336446,
Python,i-k-j,64,0.012307941398466938,1.4961053511378943e-05,1.05x
Python,i-j-k,128,0.09794975800032261,0.0003787153878245414,
Python,i-k-j,128,0.09727459159912541,0.0001185766707039215,1.01x
Python,i-j-k,256,0.8035618998022983,0.004297870259636004,
Python,i-k-j,256,0.8100720582035137,0.004839797462863291,0.99x
